Positive Keywords,Negative Keywords,Other Keywords
SkyProductserviceSkyTV channel,Sky Sports Football our new page for the beautiful game,sky
SkyProductserviceSkyTV channel,Sky Sports Football our new page for the beautiful game,SkyProductservice
SkyTV channel,Sky Sports Football our new page for the beautiful game,SkyProductservice
SkyTV channel,Sky Sports Football our new page for the beautiful game,SkyProductservice
SkyTV channel,Sky Sports Football our new page for the beautiful game,SkyProductservice
SkyTV channel,Sky Sports,SkyProductservice
SkyTV channel,Sky Sports,SkyProductservice
SkyTV channel,Sky Sports,SkyProductservice
SkyTV channel,Sky Sports,SkyProductservice
SkyTV channel,Sky Sports,Sky
Sky SportsTV network  12M likes  10 posts in the last 2 weeksThe home of Sky Sports on FacebookMuhammad Abdullahi and 45 other friends like thisFollowSky Sports FootballTV channel  1,Sky Sports Football our new page for the beautiful game,Sky
Sky SportsTV network  12M likes  10 posts in the last 2 weeksThe home of Sky Sports on FacebookMuhammad Abdullahi and 45 other friends like thisFollowSky Sports FootballTV channel  1,Sky Sports Football our new page for the beautiful game,Sky
Sky SportsTV network  12M likes  10 posts in the last 2 weeksThe home of Sky Sports on FacebookMuhammad Abdullahi and 45 other friends like thisFollowSky Sports FootballTV channel  1,Sky Sports Football our new page for the beautiful game,Sky
Sky SportsTV network  12M likes  10 posts in the last 2 weeksThe home of Sky Sports on FacebookMuhammad Abdullahi and 45 other friends like thisFollowSky Sports FootballTV channel  1,Sky Sports Football our new page for the beautiful game,Sky
Sky SportsTV network  12M likes  10 posts in the last 2 weeksThe home of Sky Sports on FacebookMuhammad Abdullahi and 45 other friends like thisFollowSky Sports FootballTV channel  1,Sky Sports Football our new page for the beautiful game,Sky
Sky SportsTV network  12M likes  10 posts in the last 2 weeksThe home of Sky Sports on FacebookMuhammad Abdullahi and 45 other friends like thisFollow,Sky Sports Football our new page for the beautiful game,Sky  Visual Arts  5 out of 5  79K likes  10 posts in the last 2 weeksDISCLAIMER We hereby declare that we do not own the rights to the music and videos used in the background
Sky SportsTV network  12M likes  10 posts in the last 2 weeksThe home of Sky Sports on FacebookMuhammad Abdullahi and 45 other friends like thisFollow,Sky Sports Football our new page for the beautiful game,Sky  Visual Arts  5 out of 5  79K likes  10 posts in the last 2 weeksDISCLAIMER We hereby declare that we do not own the rights to the music and videos used in the background
Sky SportsTV network  12M likes  10 posts in the last 2 weeksThe home of Sky Sports on FacebookMuhammad Abdullahi and 45 other friends like thisFollow,Sky Sports Football,Sky  Visual Arts  5 out of 5  79K likes  10 posts in the last 2 weeksDISCLAIMER We hereby declare that we do not own the rights to the music and videos used in the background
Sky SportsTV network  12M likes  10 posts in the last 2 weeksThe home of Sky Sports on FacebookMuhammad Abdullahi and 45 other friends like thisFollow,Sky Sports Football,Sky  Visual Arts  5 out of 5  79K likes  10 posts in the last 2 weeksDISCLAIMER We hereby declare that we do not own the rights to the music and videos used in the background
Sky SportsTV network  12M likes  10 posts in the last 2 weeksThe home of Sky Sports on FacebookMuhammad Abdullahi and 45 other friends like this,Sky Sports Football,Sky  Visual Arts  5 out of 5  79K likes  10 posts in the last 2 weeksDISCLAIMER We hereby declare that we do not own the rights to the music and videos used in the background
Sky SportsTV network  12M likes  10 posts in the last 2 weeksThe home of Sky Sports on Facebook,Sky Sports Football,Sky  Visual Arts  5 out of 5  79K likes  10 posts in the last 2 weeksDISCLAIMER We hereby declare that we do not own the rights to the music and videos used in the background
Sky SportsTV network  12M likes  10 posts in the last 2 weeksThe home of Sky Sports on Facebook,Sky Sports Football,Sky  Visual Arts  5 out of 5  79K likes  10 posts in the last 2 weeksDISCLAIMER We hereby declare that we do not own the rights to the music and videos used in the background
Sky Sports FootballTV channel  1,Sky Sports Football UpdatesPrivate  138K members  10 posts a dayJoin,Sky  Visual Arts  5 out of 5  79K likes  10 posts in the last 2 weeksDISCLAIMER We hereby declare that we do not own the rights to the music and videos used in the background
Sky Sports FootballTV channel  1,Sky Sports Football UpdatesPrivate  138K members  10 posts a dayJoin,Sky  Visual Arts  5 out of 5  79K likes  10 posts in the last 2 weeksDISCLAIMER We hereby declare that we do not own the rights to the music and videos used in the background
Sky Sports FootballTV channel  1,Sky Sports Football UpdatesPrivate  138K members  10 posts a dayJoin,Sky  Visual Arts  5 out of 5  79K likes  10 posts in the last 2 weeksDISCLAIMER We hereby declare that we do not own the rights to the music and videos used in the background
Sky Sports FootballTV channel  1,Sky Sports Football UpdatesPrivate  138K members  10 posts a dayJoin,Sky  Visual Arts  5 out of 5  79K likes  10 posts in the last 2 weeksDISCLAIMER We hereby declare that we do not own the rights to the music and videos used in the background
Sky Sports FootballTV channel  1,Sky Sports Football UpdatesPrivate  138K members  10 posts a day,Sky  Visual Arts  5 out of 5  79K likes  10 posts in the last 2 weeksDISCLAIMER We hereby declare that we do not own the rights to the music and videos used in the background
Sky Sports FootballTV channel  1,Sky Sports Football UpdatesPrivate  138K members  10 posts a day,Sky
Sky Sports FootballTV channel  1,Sky Sports Football UpdatesPrivate  138K members  10 posts a day,Sky
,Sky Sports Football Updates,Sky
,Sky Sports Football Updates,Sky
,Sky Sports Football Updates,SkySport_NewsPublic  36K following  2 posts a daySavaging of top English Spanish Italian German and French teamsFollow group
,Sky Sports Football Updates,SkySport_NewsPublic  36K following  2 posts a daySavaging of top English Spanish Italian German and French teamsFollow group
,,SkySport_NewsPublic  36K following  2 posts a daySavaging of top English Spanish Italian German and French teamsFollow group
,,SkySport_NewsPublic  36K following  2 posts a daySavaging of top English Spanish Italian German and French teamsFollow group
,,SkySport_NewsPublic  36K following  2 posts a daySavaging of top English Spanish Italian German and French teams
,,SkySport_NewsPublic  36K following  2 posts a daySavaging of top English Spanish Italian German and French teams
,,SkySport_NewsPublic  36K following  2 posts a daySavaging of top English Spanish Italian German and French teams
,,SkySport_News
,,SkySport_News
,,SkySport_News
,,SkySport_News
,,Sky ManFriend4 mutual friendsMessageŚkÿ WåłkęřFriend17 mutual friendsMessageChukwunoyerem Bethel Bïl SkyDigital creator  4
,,Sky ManFriend4 mutual friendsMessageŚkÿ WåłkęřFriend17 mutual friendsMessageChukwunoyerem Bethel Bïl SkyDigital creator  4
,,Sky ManFriend4 mutual friendsMessageŚkÿ WåłkęřFriend17 mutual friendsMessageChukwunoyerem Bethel Bïl SkyDigital creator  4
,,Sky ManFriend4 mutual friendsMessageŚkÿ WåłkęřFriend17 mutual friendsMessageChukwunoyerem Bethel Bïl SkyDigital creator  4
,,Sky ManFriend4 mutual friendsMessageŚkÿ WåłkęřFriend17 mutual friendsMessageChukwunoyerem Bethel Bïl SkyDigital creator  4
,,Sky ManFriend4 mutual friendsMessage
,,Sky ManFriend4 mutual friendsMessage
,,Sky ManFriend4 mutual friendsMessage
,,Sky ManFriend4 mutual friendsMessage
,,Sky ManFriend4 mutual friends
,,Sky ManFriend
,,Sky ManFriend
,,Sky Man
,,Sky Man
,,Sky Man
,,Sky Man
